transaction_id,visit_id,customer_id,order_id,purchase_date,payment_method,revenue
TX1000,V1018,U1002,ORD1000,2025-03-13 16:48:00,credit_card,476.48
TX1001,V1021,U1002,ORD1001,2025-04-26 22:00:00,COD,502.36
TX1002,V1023,U1002,ORD1002,2025-05-07 10:06:00,paypal,814.38
TX1003,V1027,U1002,ORD1003,2025-04-18 18:53:00,COD,40.44
TX1004,V1033,U1003,ORD1004,2025-03-16 20:39:00,COD,219.19
TX1005,V1034,U1003,ORD1005,2025-04-23 22:47:00,credit_card,153.88
TX1006,V1037,U1003,ORD1006,2025-04-01 05:03:00,paypal,265.66
TX1007,V1045,U1005,ORD1007,2025-03-14 12:56:00,COD,463.22
TX1008,V1048,U1005,ORD1008,2025-04-13 00:26:00,COD,638.43
TX1009,V1049,U1005,ORD1009,2025-03-30 21:44:00,paypal,83.7
TX1010,V1050,U1005,ORD1010,2025-05-08 15:12:00,COD,391.34
TX1011,V1056,U1007,ORD1011,2025-05-21 10:11:00,COD,174.13
TX1012,V1057,U1007,ORD1012,2025-05-29 21:52:00,credit_card,565.41
TX1013,V1058,U1007,ORD1013,2025-04-24 07:07:00,COD,308.11
TX1014,V1059,U1007,ORD1014,2025-03-08 18:29:00,credit_card,324.54
TX1015,V1060,U1007,ORD1015,2025-03-16 04:14:00,credit_card,161.31
TX1016,V1061,U1007,ORD1016,2025-03-31 06:58:00,paypal,39.06
TX1017,V1062,U1007,ORD1017,2025-03-26 23:38:00,credit_card,465.18
TX1018,V1076,U1009,ORD1018,2025-05-08 02:01:00,paypal,403.26
TX1019,V1078,U1009,ORD1019,2025-03-17 19:09:00,credit_card,144.6
TX1020,V1080,U1009,ORD1020,2025-04-11 14:54:00,COD,1327.21
TX1021,V1081,U1009,ORD1021,2025-04-03 03:22:00,credit_card,262.09
TX1022,V1088,U1010,ORD1022,2025-04-17 08:59:00,COD,379.51
TX1023,V1089,U1010,ORD1023,2025-03-12 05:06:00,paypal,1167.9
TX1024,V1090,U1010,ORD1024,2025-04-26 16:33:00,credit_card,600.67
TX1025,V1189,U1023,ORD1025,2025-04-01 01:58:00,credit_card,94.58
TX1026,V1190,U1023,ORD1026,2025-05-11 15:51:00,wallet,425.05
TX1027,V1197,U1023,ORD1027,2025-04-11 22:33:00,paypal,136.01
TX1028,V1207,U1025,ORD1028,2025-03-05 06:57:00,paypal,53.18
TX1029,V1211,U1025,ORD1029,2025-03-22 23:29:00,COD,51.84
TX1030,V1213,U1025,ORD1030,2025-05-11 12:42:00,wallet,284.2
TX1031,V1214,U1025,ORD1031,2025-04-13 20:21:00,wallet,165.2
TX1032,V1234,U1030,ORD1032,2025-04-30 05:22:00,COD,213.49
TX1033,V1238,U1031,ORD1033,2025-04-12 16:07:00,wallet,249.53
TX1034,V1240,U1031,ORD1034,2025-04-27 05:13:00,wallet,282.19
TX1035,V1241,U1031,ORD1035,2025-03-13 01:12:00,credit_card,314.36
TX1036,V1246,U1033,ORD1036,2025-05-04 03:12:00,COD,264.28
TX1037,V1248,U1033,ORD1037,2025-03-17 15:23:00,paypal,590.1
TX1038,V1249,U1033,ORD1038,2025-04-30 19:53:00,COD,181.74
TX1039,V1250,U1033,ORD1039,2025-05-18 12:39:00,credit_card,160.25
TX1040,V1251,U1033,ORD1040,2025-05-01 03:07:00,wallet,303.08
TX1041,V1287,U1039,ORD1041,2025-05-04 05:41:00,wallet,115.58
TX1042,V1290,U1039,ORD1042,2025-03-28 11:11:00,wallet,75.37
TX1043,V1292,U1039,ORD1043,2025-05-04 21:08:00,wallet,197.75
TX1044,V1333,U1044,ORD1044,2025-04-27 12:57:00,paypal,108.33
TX1045,V1371,U1049,ORD1045,2025-04-25 11:18:00,paypal,174.17
TX1046,V1372,U1049,ORD1046,2025-03-23 18:03:00,COD,505.72
TX1047,V1374,U1049,ORD1047,2025-05-07 19:42:00,wallet,492.9
TX1048,V1375,U1049,ORD1048,2025-04-06 14:08:00,COD,234.03
TX1049,V1376,U1049,ORD1049,2025-05-06 22:29:00,wallet,218.84
TX1050,V1407,U1054,ORD1050,2025-04-22 22:52:00,wallet,471.51
TX1051,V1408,U1054,ORD1051,2025-05-25 06:43:00,COD,292.95
TX1052,V1410,U1054,ORD1052,2025-04-21 11:12:00,COD,231.48
TX1053,V1412,U1054,ORD1053,2025-05-22 03:04:00,wallet,630.24
TX1054,V1413,U1054,ORD1054,2025-03-05 04:50:00,COD,1692.87
TX1055,V1416,U1054,ORD1055,2025-05-12 00:04:00,COD,122.52
TX1056,V1418,U1055,ORD1056,2025-04-21 15:39:00,credit_card,1880.26
TX1057,V1419,U1055,ORD1057,2025-05-01 11:31:00,wallet,114.62
TX1058,V1420,U1055,ORD1058,2025-03-19 17:23:00,wallet,156.02
TX1059,V1421,U1055,ORD1059,2025-04-13 05:14:00,paypal,767.08
TX1060,V1422,U1055,ORD1060,2025-05-26 11:47:00,wallet,495.78
TX1061,V1423,U1055,ORD1061,2025-05-16 21:47:00,credit_card,175.74
TX1062,V1438,U1059,ORD1062,2025-04-09 15:54:00,wallet,78.99
TX1063,V1440,U1059,ORD1063,2025-03-04 14:02:00,COD,734.38
TX1064,V1446,U1060,ORD1064,2025-04-01 19:08:00,wallet,130.94
TX1065,V1448,U1060,ORD1065,2025-05-09 15:50:00,credit_card,222.42
TX1066,V1465,U1063,ORD1066,2025-03-18 05:46:00,COD,179.38
TX1067,V1468,U1063,ORD1067,2025-03-07 23:33:00,paypal,197.58
TX1068,V1470,U1063,ORD1068,2025-05-11 04:24:00,COD,527.37
TX1069,V1475,U1065,ORD1069,2025-03-03 00:13:00,credit_card,268.84
TX1070,V1476,U1065,ORD1070,2025-05-16 04:30:00,paypal,391.2
TX1071,V1477,U1065,ORD1071,2025-03-03 05:26:00,credit_card,7.84
TX1072,V1487,U1066,ORD1072,2025-04-30 01:56:00,wallet,945.36
TX1073,V1488,U1066,ORD1073,2025-03-02 20:18:00,COD,20.72
TX1074,V1490,U1067,ORD1074,2025-03-28 11:03:00,COD,826.57
TX1075,V1492,U1067,ORD1075,2025-05-20 06:01:00,credit_card,869.29
TX1076,V1511,U1070,ORD1076,2025-05-13 04:04:00,credit_card,386.04
TX1077,V1513,U1070,ORD1077,2025-03-05 21:30:00,COD,191.98
TX1078,V1521,U1072,ORD1078,2025-04-16 17:04:00,credit_card,603.33
TX1079,V1522,U1072,ORD1079,2025-03-13 00:20:00,COD,636.24
TX1080,V1542,U1076,ORD1080,2025-04-18 16:41:00,paypal,172.38
TX1081,V1543,U1076,ORD1081,2025-05-11 05:07:00,credit_card,147.74
TX1082,V1544,U1076,ORD1082,2025-04-19 05:49:00,credit_card,447.66
TX1083,V1546,U1076,ORD1083,2025-05-27 16:05:00,wallet,374.0
TX1084,V1549,U1076,ORD1084,2025-03-01 08:41:00,paypal,100.85
TX1085,V1551,U1076,ORD1085,2025-05-02 13:25:00,wallet,30.72
TX1086,V1554,U1077,ORD1086,2025-05-18 02:07:00,COD,30.12
TX1087,V1555,U1077,ORD1087,2025-04-10 23:09:00,paypal,97.68
TX1088,V1557,U1078,ORD1088,2025-04-04 13:44:00,wallet,322.82
TX1089,V1559,U1078,ORD1089,2025-03-23 06:46:00,wallet,1641.72
TX1090,V1577,U1081,ORD1090,2025-05-17 21:44:00,paypal,246.0
TX1091,V1578,U1081,ORD1091,2025-05-03 20:28:00,wallet,528.57
TX1092,V1579,U1081,ORD1092,2025-04-16 18:57:00,COD,258.28
TX1093,V1582,U1081,ORD1093,2025-04-22 17:13:00,credit_card,55.05
TX1094,V1583,U1081,ORD1094,2025-04-02 22:51:00,COD,1066.48
TX1095,V1584,U1082,ORD1095,2025-05-16 23:49:00,COD,339.29
TX1096,V1586,U1082,ORD1096,2025-05-13 02:20:00,COD,302.73
TX1097,V1588,U1082,ORD1097,2025-03-31 05:31:00,paypal,191.58
TX1098,V1589,U1082,ORD1098,2025-05-10 23:17:00,COD,1308.12
TX1099,V1591,U1082,ORD1099,2025-04-23 23:42:00,credit_card,404.34
TX1100,V1594,U1082,ORD1100,2025-05-18 06:03:00,COD,3.09
TX1101,V1609,U1086,ORD1101,2025-03-04 16:41:00,COD,439.88
TX1102,V1611,U1086,ORD1102,2025-04-18 21:13:00,wallet,56.95
TX1103,V1612,U1086,ORD1103,2025-03-25 23:44:00,wallet,47.81
TX1104,V1613,U1086,ORD1104,2025-04-14 06:01:00,credit_card,75.05
TX1105,V1614,U1086,ORD1105,2025-03-30 11:10:00,paypal,979.76
TX1106,V1625,U1088,ORD1106,2025-04-04 02:31:00,COD,124.4
TX1107,V1626,U1088,ORD1107,2025-04-17 14:34:00,paypal,236.44
TX1108,V1627,U1088,ORD1108,2025-05-25 07:17:00,wallet,52.49
TX1109,V1628,U1088,ORD1109,2025-03-31 11:11:00,COD,413.6
TX1110,V1629,U1088,ORD1110,2025-04-02 13:45:00,credit_card,365.94
TX1111,V1685,U1096,ORD1111,2025-05-19 11:46:00,paypal,226.98
TX1112,V1686,U1096,ORD1112,2025-05-10 07:10:00,COD,737.25
TX1113,V1687,U1096,ORD1113,2025-05-06 07:14:00,paypal,304.91
TX1114,V1690,U1096,ORD1114,2025-05-15 11:14:00,COD,446.62
TX1115,V1693,U1097,ORD1115,2025-05-18 21:36:00,COD,871.83
TX1116,V1697,U1097,ORD1116,2025-05-04 09:36:00,COD,734.93
TX1117,V1699,U1097,ORD1117,2025-04-16 10:27:00,credit_card,546.78
TX1118,V1700,U1097,ORD1118,2025-03-23 13:28:00,credit_card,590.26
TX1119,V1701,U1097,ORD1119,2025-05-25 01:29:00,COD,690.48
TX1120,V1705,U1097,ORD1120,2025-05-08 10:13:00,credit_card,2801.04
TX1121,V1720,U1101,ORD1121,2025-05-18 20:34:00,wallet,403.52
TX1122,V1721,U1101,ORD1122,2025-04-02 15:19:00,paypal,992.58
TX1123,V1722,U1101,ORD1123,2025-05-04 00:19:00,credit_card,169.58
TX1124,V1724,U1101,ORD1124,2025-04-22 10:23:00,COD,363.78
TX1125,V1726,U1101,ORD1125,2025-04-10 08:23:00,credit_card,129.04
TX1126,V1727,U1101,ORD1126,2025-05-01 08:44:00,wallet,191.94
TX1127,V1766,U1107,ORD1127,2025-04-14 12:57:00,credit_card,1032.72
TX1128,V1768,U1107,ORD1128,2025-05-25 14:32:00,credit_card,422.7
TX1129,V1770,U1107,ORD1129,2025-05-17 05:57:00,wallet,340.08
TX1130,V1771,U1107,ORD1130,2025-05-06 11:29:00,credit_card,447.94
TX1131,V1772,U1107,ORD1131,2025-05-29 13:15:00,COD,381.16
TX1132,V1773,U1107,ORD1132,2025-06-01 17:36:00,wallet,1562.88
TX1133,V1775,U1107,ORD1133,2025-04-04 03:11:00,credit_card,452.64
TX1134,V1789,U1109,ORD1134,2025-05-09 03:17:00,paypal,206.22
TX1135,V1792,U1109,ORD1135,2025-04-08 09:57:00,COD,953.67
TX1136,V1794,U1109,ORD1136,2025-04-22 23:13:00,paypal,620.07
TX1137,V1797,U1110,ORD1137,2025-03-21 01:36:00,wallet,114.84
TX1138,V1798,U1110,ORD1138,2025-04-09 05:10:00,wallet,262.42
TX1139,V1801,U1110,ORD1139,2025-03-16 19:28:00,credit_card,335.92
TX1140,V1803,U1110,ORD1140,2025-03-14 10:33:00,COD,269.8
TX1141,V1856,U1118,ORD1141,2025-05-11 21:54:00,wallet,183.45
TX1142,V1857,U1118,ORD1142,2025-04-11 17:02:00,wallet,55.45
TX1143,V1858,U1118,ORD1143,2025-05-17 20:59:00,credit_card,187.63
TX1144,V1867,U1120,ORD1144,2025-03-18 05:58:00,wallet,139.23
TX1145,V1870,U1120,ORD1145,2025-05-12 15:13:00,wallet,464.14
TX1146,V1990,U1136,ORD1146,2025-03-16 05:14:00,credit_card,123.62
TX1147,V1991,U1136,ORD1147,2025-05-15 20:13:00,credit_card,1187.85
TX1148,V1993,U1136,ORD1148,2025-05-04 03:05:00,paypal,380.96
TX1149,V1994,U1136,ORD1149,2025-05-30 06:32:00,credit_card,1059.08
TX1150,V1995,U1136,ORD1150,2025-05-10 16:00:00,COD,430.98
TX1151,V1997,U1136,ORD1151,2025-03-08 18:54:00,COD,95.62
TX1152,V2003,U1137,ORD1152,2025-05-02 05:05:00,credit_card,346.47
TX1153,V2005,U1137,ORD1153,2025-05-04 19:38:00,wallet,514.8
TX1154,V2007,U1137,ORD1154,2025-05-09 00:14:00,COD,514.45
TX1155,V2019,U1139,ORD1155,2025-05-08 16:05:00,paypal,925.04
TX1156,V2020,U1139,ORD1156,2025-05-17 12:08:00,paypal,459.89
TX1157,V2027,U1141,ORD1157,2025-03-11 17:16:00,credit_card,118.35
TX1158,V2028,U1141,ORD1158,2025-04-23 12:46:00,COD,160.92
TX1159,V2029,U1141,ORD1159,2025-04-04 22:24:00,paypal,188.69
TX1160,V2031,U1141,ORD1160,2025-05-15 11:59:00,paypal,95.99
TX1161,V2032,U1141,ORD1161,2025-03-29 14:39:00,wallet,480.99
TX1162,V2034,U1141,ORD1162,2025-04-25 03:01:00,credit_card,1055.19
TX1163,V2123,U1155,ORD1163,2025-03-16 09:25:00,wallet,703.6
TX1164,V2124,U1155,ORD1164,2025-03-28 03:21:00,wallet,353.24
TX1165,V2139,U1158,ORD1165,2025-05-01 08:11:00,credit_card,236.51
TX1166,V2140,U1158,ORD1166,2025-05-25 07:18:00,COD,88.54
TX1167,V2142,U1158,ORD1167,2025-03-24 05:57:00,credit_card,344.77
TX1168,V2144,U1158,ORD1168,2025-05-04 01:20:00,COD,548.07
TX1169,V2145,U1158,ORD1169,2025-03-28 21:07:00,wallet,120.84
TX1170,V2184,U1165,ORD1170,2025-03-23 14:42:00,credit_card,110.03
TX1171,V2185,U1165,ORD1171,2025-04-30 11:04:00,credit_card,79.04
TX1172,V2205,U1168,ORD1172,2025-03-18 04:58:00,credit_card,417.07
TX1173,V2206,U1168,ORD1173,2025-04-24 15:00:00,credit_card,1403.76
TX1174,V2208,U1168,ORD1174,2025-04-10 01:19:00,wallet,319.32
TX1175,V2209,U1168,ORD1175,2025-04-22 05:48:00,COD,410.3
TX1176,V2210,U1168,ORD1176,2025-05-24 04:04:00,wallet,1019.71
TX1177,V2211,U1168,ORD1177,2025-04-29 06:29:00,COD,122.95
TX1178,V2250,U1174,ORD1178,2025-03-19 12:57:00,credit_card,753.97
TX1179,V2253,U1174,ORD1179,2025-05-09 23:12:00,COD,16.48
TX1180,V2254,U1174,ORD1180,2025-03-01 16:10:00,credit_card,131.39
TX1181,V2256,U1174,ORD1181,2025-04-08 09:50:00,paypal,1401.39
TX1182,V2344,U1184,ORD1182,2025-03-23 13:26:00,COD,127.85
TX1183,V2345,U1184,ORD1183,2025-04-07 10:35:00,paypal,223.92
TX1184,V2347,U1184,ORD1184,2025-03-06 13:15:00,paypal,411.68
TX1185,V2401,U1192,ORD1185,2025-04-22 09:40:00,COD,618.11
TX1186,V2402,U1192,ORD1186,2025-05-17 09:31:00,paypal,300.0
TX1187,V2403,U1192,ORD1187,2025-05-16 11:27:00,paypal,108.84
TX1188,V2425,U1196,ORD1188,2025-04-14 16:06:00,COD,343.57
TX1189,V2426,U1196,ORD1189,2025-04-12 07:26:00,COD,19.0
TX1190,V2427,U1196,ORD1190,2025-04-14 18:06:00,credit_card,691.15
TX1191,V2438,U1198,ORD1191,2025-03-09 09:03:00,credit_card,87.75
TX1192,V2440,U1198,ORD1192,2025-04-06 12:36:00,credit_card,7.04
TX1193,V2442,U1198,ORD1193,2025-05-03 23:31:00,paypal,390.55
TX1194,V2444,U1199,ORD1194,2025-03-19 19:31:00,paypal,226.91
TX1195,V2446,U1199,ORD1195,2025-04-25 09:20:00,wallet,958.1
TX1196,V2448,U1199,ORD1196,2025-03-21 05:18:00,COD,453.8
TX1197,V2469,U1204,ORD1197,2025-03-05 03:16:00,wallet,434.04
TX1198,V2489,U1208,ORD1198,2025-03-27 21:22:00,COD,342.27
TX1199,V2490,U1208,ORD1199,2025-04-11 22:32:00,COD,544.99
TX1200,V2492,U1208,ORD1200,2025-04-05 23:30:00,credit_card,400.09
TX1201,V2495,U1208,ORD1201,2025-05-31 22:46:00,wallet,701.57
TX1202,V2496,U1208,ORD1202,2025-04-21 15:23:00,COD,1549.32
TX1203,V2498,U1208,ORD1203,2025-03-19 13:59:00,COD,509.52
TX1204,V2500,U1208,ORD1204,2025-05-14 16:45:00,COD,114.62
TX1205,V2501,U1208,ORD1205,2025-04-22 23:56:00,credit_card,128.28
TX1206,V2503,U1209,ORD1206,2025-05-20 13:38:00,wallet,276.33
TX1207,V2504,U1209,ORD1207,2025-05-06 18:05:00,paypal,98.17
TX1208,V2507,U1209,ORD1208,2025-05-08 05:57:00,COD,590.48
TX1209,V2511,U1209,ORD1209,2025-03-03 04:03:00,credit_card,473.82
TX1210,V2512,U1210,ORD1210,2025-04-20 08:25:00,credit_card,69.28
TX1211,V2513,U1210,ORD1211,2025-04-06 23:11:00,COD,364.22
TX1212,V2514,U1210,ORD1212,2025-04-17 04:53:00,paypal,226.19
TX1213,V2516,U1210,ORD1213,2025-05-30 02:17:00,credit_card,123.85
TX1214,V2517,U1210,ORD1214,2025-03-11 01:39:00,COD,631.36
TX1215,V2523,U1211,ORD1215,2025-05-21 13:20:00,credit_card,286.82
TX1216,V2524,U1211,ORD1216,2025-04-21 14:51:00,paypal,663.62
TX1217,V2525,U1211,ORD1217,2025-04-23 00:52:00,paypal,81.25
TX1218,V2529,U1211,ORD1218,2025-04-15 16:01:00,paypal,388.58
TX1219,V2530,U1211,ORD1219,2025-03-09 14:01:00,credit_card,992.55
TX1220,V2531,U1211,ORD1220,2025-05-20 00:02:00,COD,79.39
TX1221,V2532,U1211,ORD1221,2025-05-30 00:42:00,paypal,321.59
TX1222,V2533,U1211,ORD1222,2025-04-17 10:21:00,paypal,143.51
TX1223,V2539,U1213,ORD1223,2025-04-04 11:01:00,wallet,506.46
TX1224,V2540,U1213,ORD1224,2025-05-08 23:10:00,paypal,358.8
TX1225,V2541,U1213,ORD1225,2025-03-04 05:00:00,COD,245.92
TX1226,V2542,U1213,ORD1226,2025-05-20 22:05:00,wallet,658.72
TX1227,V2543,U1213,ORD1227,2025-03-22 21:07:00,COD,421.68
TX1228,V2546,U1213,ORD1228,2025-03-23 19:57:00,credit_card,209.4
TX1229,V2548,U1213,ORD1229,2025-03-14 02:25:00,credit_card,750.89
TX1230,V2564,U1215,ORD1230,2025-03-11 18:52:00,COD,317.8
TX1231,V2566,U1215,ORD1231,2025-04-29 08:16:00,paypal,313.92
TX1232,V2592,U1218,ORD1232,2025-04-16 14:10:00,wallet,238.36
TX1233,V2594,U1218,ORD1233,2025-03-19 19:22:00,COD,762.98
TX1234,V2595,U1218,ORD1234,2025-05-06 21:25:00,COD,384.41
TX1235,V2597,U1218,ORD1235,2025-04-06 04:47:00,COD,267.97
TX1236,V2598,U1218,ORD1236,2025-04-11 11:12:00,wallet,207.61
TX1237,V2614,U1221,ORD1237,2025-05-23 09:52:00,credit_card,424.73
TX1238,V2615,U1221,ORD1238,2025-03-24 20:19:00,credit_card,1282.44
TX1239,V2616,U1221,ORD1239,2025-04-11 04:02:00,credit_card,1716.11
TX1240,V2617,U1221,ORD1240,2025-05-24 06:08:00,paypal,319.44
TX1241,V2659,U1227,ORD1241,2025-03-07 18:09:00,COD,398.25
TX1242,V2660,U1227,ORD1242,2025-03-08 02:59:00,paypal,346.14
TX1243,V2662,U1227,ORD1243,2025-03-18 10:19:00,wallet,152.76
TX1244,V2663,U1227,ORD1244,2025-04-28 21:46:00,wallet,956.86
TX1245,V2666,U1227,ORD1245,2025-05-01 21:14:00,credit_card,742.58
TX1246,V2684,U1231,ORD1246,2025-04-06 17:55:00,paypal,336.32
TX1247,V2688,U1231,ORD1247,2025-05-25 04:47:00,paypal,81.87
TX1248,V2723,U1235,ORD1248,2025-04-01 09:14:00,credit_card,515.91
TX1249,V2725,U1235,ORD1249,2025-05-07 09:08:00,COD,492.52
TX1250,V2730,U1237,ORD1250,2025-03-05 23:05:00,COD,419.05
TX1251,V2731,U1237,ORD1251,2025-05-05 18:42:00,COD,1266.91
TX1252,V2732,U1237,ORD1252,2025-04-11 16:26:00,wallet,190.66
TX1253,V2738,U1239,ORD1253,2025-04-07 10:11:00,wallet,214.67
TX1254,V2739,U1239,ORD1254,2025-04-09 03:28:00,wallet,42.42
TX1255,V2740,U1239,ORD1255,2025-04-26 21:06:00,wallet,51.74
TX1256,V2759,U1244,ORD1256,2025-05-01 10:21:00,wallet,301.02
TX1257,V2762,U1244,ORD1257,2025-03-11 03:44:00,wallet,109.74
TX1258,V2763,U1244,ORD1258,2025-04-03 02:53:00,wallet,1137.69
TX1259,V2764,U1244,ORD1259,2025-03-08 03:44:00,credit_card,255.98
TX1260,V2774,U1247,ORD1260,2025-03-21 01:12:00,credit_card,875.78
TX1261,V2776,U1247,ORD1261,2025-05-01 03:16:00,credit_card,716.57
TX1262,V2785,U1249,ORD1262,2025-05-21 09:50:00,wallet,863.51
TX1263,V2786,U1250,ORD1263,2025-04-15 17:52:00,wallet,482.81
TX1264,V2787,U1250,ORD1264,2025-05-31 19:44:00,wallet,399.27
TX1265,V2788,U1250,ORD1265,2025-04-22 19:19:00,wallet,465.7
TX1266,V2789,U1250,ORD1266,2025-04-30 07:42:00,wallet,457.98
TX1267,V2790,U1250,ORD1267,2025-05-14 17:10:00,wallet,77.31
TX1268,V2792,U1250,ORD1268,2025-04-25 14:08:00,paypal,232.82
TX1269,V2794,U1250,ORD1269,2025-04-21 07:58:00,COD,102.1
TX1270,V2796,U1250,ORD1270,2025-03-16 06:16:00,wallet,1017.23
TX1271,V2822,U1254,ORD1271,2025-05-17 00:03:00,paypal,444.94
TX1272,V2823,U1254,ORD1272,2025-03-28 16:15:00,COD,1729.06
TX1273,V2824,U1254,ORD1273,2025-04-25 06:14:00,COD,845.6
TX1274,V2829,U1254,ORD1274,2025-05-24 10:58:00,COD,103.99
TX1275,V2837,U1256,ORD1275,2025-03-11 18:25:00,paypal,442.92
TX1276,V2838,U1256,ORD1276,2025-05-22 06:54:00,wallet,197.67
TX1277,V2839,U1256,ORD1277,2025-05-22 06:45:00,credit_card,117.68
TX1278,V2841,U1256,ORD1278,2025-04-26 06:27:00,COD,103.48
TX1279,V2854,U1259,ORD1279,2025-05-13 07:53:00,credit_card,135.42
TX1280,V2857,U1260,ORD1280,2025-05-31 12:52:00,credit_card,607.14
TX1281,V2860,U1261,ORD1281,2025-03-23 10:54:00,COD,221.03
TX1282,V2861,U1261,ORD1282,2025-04-12 20:03:00,paypal,47.13
TX1283,V2862,U1261,ORD1283,2025-03-26 07:34:00,credit_card,261.92
TX1284,V2882,U1265,ORD1284,2025-05-05 18:56:00,paypal,191.43
TX1285,V2885,U1265,ORD1285,2025-05-02 14:51:00,COD,333.71
TX1286,V2886,U1265,ORD1286,2025-04-05 21:30:00,credit_card,351.89
TX1287,V2887,U1265,ORD1287,2025-05-19 23:40:00,paypal,283.72
TX1288,V2888,U1265,ORD1288,2025-03-13 06:24:00,credit_card,336.53
TX1289,V2889,U1265,ORD1289,2025-05-25 13:08:00,COD,220.06
TX1290,V2890,U1265,ORD1290,2025-05-24 19:27:00,COD,290.33
TX1291,V2892,U1265,ORD1291,2025-05-28 10:57:00,credit_card,40.62
TX1292,V2893,U1265,ORD1292,2025-05-30 17:14:00,paypal,983.4
TX1293,V2896,U1266,ORD1293,2025-05-19 22:02:00,wallet,389.12
TX1294,V2901,U1266,ORD1294,2025-05-02 11:09:00,COD,1709.55
TX1295,V2962,U1275,ORD1295,2025-04-10 09:28:00,COD,728.56
TX1296,V2964,U1275,ORD1296,2025-03-27 07:12:00,paypal,895.68
TX1297,V2973,U1277,ORD1297,2025-04-18 10:27:00,credit_card,706.69
TX1298,V2974,U1277,ORD1298,2025-03-22 21:05:00,credit_card,80.36
TX1299,V2977,U1277,ORD1299,2025-05-16 02:28:00,wallet,780.81
TX1300,V2979,U1277,ORD1300,2025-04-18 00:29:00,credit_card,385.4
TX1301,V2980,U1277,ORD1301,2025-03-15 01:23:00,credit_card,398.6
TX1302,V2998,U1280,ORD1302,2025-04-09 03:22:00,credit_card,289.5
TX1303,V3000,U1280,ORD1303,2025-04-08 15:36:00,COD,968.87
TX1304,V3001,U1280,ORD1304,2025-04-11 10:20:00,COD,76.14
TX1305,V3002,U1281,ORD1305,2025-04-28 05:34:00,COD,58.65
TX1306,V3004,U1281,ORD1306,2025-04-24 12:54:00,wallet,263.73
TX1307,V3006,U1281,ORD1307,2025-06-01 05:32:00,wallet,395.85
TX1308,V3035,U1286,ORD1308,2025-05-25 10:24:00,COD,622.58
TX1309,V3036,U1286,ORD1309,2025-05-01 09:14:00,credit_card,144.19
TX1310,V3039,U1286,ORD1310,2025-04-02 02:22:00,credit_card,224.68
TX1311,V3041,U1286,ORD1311,2025-04-02 00:16:00,paypal,1470.24
TX1312,V3042,U1286,ORD1312,2025-04-19 02:45:00,paypal,536.66
TX1313,V3045,U1286,ORD1313,2025-05-04 03:53:00,wallet,665.43
TX1314,V3046,U1286,ORD1314,2025-05-18 23:59:00,paypal,244.34
TX1315,V3069,U1289,ORD1315,2025-05-27 17:56:00,wallet,461.4
TX1316,V3070,U1289,ORD1316,2025-04-27 21:43:00,wallet,372.05
TX1317,V3071,U1290,ORD1317,2025-04-28 08:45:00,wallet,153.28
TX1318,V3074,U1290,ORD1318,2025-04-11 11:19:00,credit_card,32.44
TX1319,V3075,U1290,ORD1319,2025-03-08 18:02:00,credit_card,382.52
TX1320,V3084,U1292,ORD1320,2025-03-12 02:09:00,wallet,417.72
TX1321,V3085,U1292,ORD1321,2025-04-02 12:53:00,paypal,878.68
TX1322,V3088,U1292,ORD1322,2025-05-10 14:04:00,COD,540.21
TX1323,V3091,U1292,ORD1323,2025-03-29 01:33:00,COD,224.6
TX1324,V3105,U1296,ORD1324,2025-04-28 14:26:00,paypal,67.75
TX1325,V3107,U1296,ORD1325,2025-03-26 10:34:00,credit_card,85.16
TX1326,V3113,U1296,ORD1326,2025-05-17 12:20:00,wallet,1111.99
TX1327,V3123,U1298,ORD1327,2025-03-13 21:55:00,credit_card,929.18
TX1328,V3124,U1298,ORD1328,2025-05-05 07:46:00,paypal,184.27
TX1329,V3125,U1298,ORD1329,2025-05-22 17:49:00,COD,454.15
TX1330,V3126,U1298,ORD1330,2025-04-21 04:34:00,COD,212.96
TX1331,V3127,U1299,ORD1331,2025-04-18 23:54:00,COD,10.2
TX1332,V3128,U1299,ORD1332,2025-05-27 16:09:00,paypal,355.4
TX1333,V3129,U1299,ORD1333,2025-04-16 19:11:00,paypal,698.04
TX1334,V3175,U1305,ORD1334,2025-04-28 20:17:00,paypal,45.41
TX1335,V3177,U1305,ORD1335,2025-05-05 11:49:00,paypal,776.78
TX1336,V3179,U1305,ORD1336,2025-03-28 00:40:00,credit_card,1214.36
TX1337,V3181,U1305,ORD1337,2025-05-18 18:27:00,paypal,761.75
TX1338,V3183,U1305,ORD1338,2025-03-09 08:16:00,COD,200.43
TX1339,V3187,U1306,ORD1339,2025-04-23 19:11:00,COD,70.34
TX1340,V3189,U1306,ORD1340,2025-03-13 09:52:00,paypal,22.92
TX1341,V3193,U1306,ORD1341,2025-05-25 13:24:00,credit_card,431.05
TX1342,V3198,U1307,ORD1342,2025-04-05 23:33:00,COD,128.17
TX1343,V3199,U1307,ORD1343,2025-05-06 06:04:00,paypal,237.23
TX1344,V3211,U1309,ORD1344,2025-04-14 05:27:00,wallet,546.87
TX1345,V3212,U1309,ORD1345,2025-05-01 12:49:00,wallet,291.2
TX1346,V3213,U1309,ORD1346,2025-05-18 02:51:00,credit_card,289.19
TX1347,V3214,U1309,ORD1347,2025-03-21 06:51:00,wallet,422.37
TX1348,V3216,U1310,ORD1348,2025-04-16 09:51:00,COD,301.4
TX1349,V3219,U1310,ORD1349,2025-03-18 05:03:00,COD,98.28
TX1350,V3225,U1312,ORD1350,2025-03-24 18:22:00,wallet,206.82
TX1351,V3226,U1312,ORD1351,2025-03-30 00:00:00,paypal,275.98
TX1352,V3228,U1312,ORD1352,2025-04-08 02:48:00,wallet,505.84
TX1353,V3229,U1312,ORD1353,2025-04-03 04:55:00,wallet,72.73
TX1354,V3230,U1312,ORD1354,2025-03-11 02:13:00,COD,929.64
TX1355,V3232,U1312,ORD1355,2025-04-13 09:08:00,COD,320.33
TX1356,V3240,U1314,ORD1356,2025-05-10 16:28:00,paypal,38.04
TX1357,V3241,U1314,ORD1357,2025-05-31 16:21:00,COD,498.86
TX1358,V3245,U1314,ORD1358,2025-03-07 20:27:00,wallet,337.49
TX1359,V3247,U1314,ORD1359,2025-04-26 03:07:00,wallet,428.96
TX1360,V3248,U1314,ORD1360,2025-04-24 08:10:00,credit_card,475.32
TX1361,V3274,U1318,ORD1361,2025-05-17 18:45:00,wallet,66.35
TX1362,V3275,U1318,ORD1362,2025-05-18 10:33:00,wallet,491.54
TX1363,V3277,U1318,ORD1363,2025-03-21 08:49:00,wallet,497.63
TX1364,V3281,U1319,ORD1364,2025-03-19 02:47:00,COD,1096.45
TX1365,V3285,U1319,ORD1365,2025-04-17 23:27:00,credit_card,286.3
TX1366,V3287,U1319,ORD1366,2025-04-25 09:30:00,wallet,394.91
TX1367,V3289,U1319,ORD1367,2025-05-26 22:39:00,wallet,710.23
TX1368,V3293,U1321,ORD1368,2025-05-26 22:14:00,wallet,734.12
TX1369,V3295,U1321,ORD1369,2025-03-07 20:21:00,wallet,64.56
TX1370,V3296,U1321,ORD1370,2025-04-12 13:25:00,credit_card,571.37
TX1371,V3298,U1321,ORD1371,2025-03-13 14:13:00,COD,131.76
TX1372,V3299,U1321,ORD1372,2025-03-23 06:10:00,COD,85.26
TX1373,V3313,U1323,ORD1373,2025-05-14 14:03:00,wallet,24.28
TX1374,V3315,U1323,ORD1374,2025-04-29 09:44:00,credit_card,550.61
TX1375,V3316,U1323,ORD1375,2025-05-17 11:33:00,wallet,77.06
TX1376,V3317,U1323,ORD1376,2025-03-11 21:22:00,credit_card,166.32
TX1377,V3318,U1323,ORD1377,2025-04-26 07:39:00,COD,439.17
TX1378,V3319,U1323,ORD1378,2025-04-20 15:06:00,COD,619.16
TX1379,V3344,U1327,ORD1379,2025-05-05 23:33:00,COD,354.78
TX1380,V3345,U1327,ORD1380,2025-03-16 22:16:00,wallet,134.54
TX1381,V3346,U1327,ORD1381,2025-05-14 14:47:00,credit_card,520.4
TX1382,V3347,U1327,ORD1382,2025-04-11 18:41:00,paypal,1793.64
TX1383,V3348,U1327,ORD1383,2025-03-24 00:42:00,COD,153.49
TX1384,V3350,U1327,ORD1384,2025-04-10 07:18:00,COD,67.56
TX1385,V3351,U1327,ORD1385,2025-04-10 06:45:00,credit_card,86.19
TX1386,V3353,U1328,ORD1386,2025-05-24 13:12:00,paypal,179.04
TX1387,V3354,U1328,ORD1387,2025-05-19 01:34:00,wallet,183.54
TX1388,V3356,U1328,ORD1388,2025-03-04 01:21:00,wallet,188.48
TX1389,V3358,U1328,ORD1389,2025-03-03 17:10:00,wallet,369.53
TX1390,V3375,U1331,ORD1390,2025-05-08 13:57:00,COD,196.65
TX1391,V3376,U1331,ORD1391,2025-05-26 03:30:00,COD,263.61
TX1392,V3377,U1331,ORD1392,2025-05-11 01:20:00,credit_card,2567.46
TX1393,V3379,U1331,ORD1393,2025-04-04 09:56:00,paypal,76.4
TX1394,V3381,U1332,ORD1394,2025-05-28 14:38:00,COD,322.28
TX1395,V3382,U1332,ORD1395,2025-04-30 06:20:00,credit_card,277.92
TX1396,V3383,U1332,ORD1396,2025-03-16 09:12:00,paypal,150.7
TX1397,V3385,U1333,ORD1397,2025-05-03 18:20:00,credit_card,1101.94
TX1398,V3386,U1333,ORD1398,2025-05-27 07:12:00,credit_card,117.9
TX1399,V3387,U1333,ORD1399,2025-05-01 22:51:00,paypal,401.54
TX1400,V3388,U1333,ORD1400,2025-04-30 21:28:00,credit_card,481.4
TX1401,V3468,U1344,ORD1401,2025-03-13 08:05:00,credit_card,177.94
TX1402,V3471,U1344,ORD1402,2025-05-13 04:27:00,COD,71.15
TX1403,V3477,U1346,ORD1403,2025-04-07 21:11:00,COD,265.68
TX1404,V3478,U1346,ORD1404,2025-03-30 14:47:00,paypal,499.69
TX1405,V3482,U1346,ORD1405,2025-03-31 01:38:00,wallet,362.96
TX1406,V3504,U1350,ORD1406,2025-05-14 21:28:00,wallet,282.39
TX1407,V3505,U1350,ORD1407,2025-04-19 14:11:00,wallet,141.39
TX1408,V3507,U1350,ORD1408,2025-04-14 13:24:00,wallet,210.82
TX1409,V3508,U1351,ORD1409,2025-04-14 22:25:00,credit_card,40.24
TX1410,V3509,U1351,ORD1410,2025-05-25 22:43:00,wallet,636.49
TX1411,V3510,U1351,ORD1411,2025-04-02 04:48:00,paypal,77.58
TX1412,V3537,U1355,ORD1412,2025-04-22 13:19:00,wallet,982.08
TX1413,V3539,U1355,ORD1413,2025-05-18 06:16:00,wallet,219.29
TX1414,V3540,U1355,ORD1414,2025-03-26 06:33:00,paypal,376.35
TX1415,V3545,U1357,ORD1415,2025-04-30 08:04:00,credit_card,196.34
TX1416,V3546,U1357,ORD1416,2025-04-09 20:15:00,wallet,100.96
TX1417,V3549,U1357,ORD1417,2025-03-04 00:12:00,COD,113.78
TX1418,V3550,U1357,ORD1418,2025-04-13 01:19:00,wallet,84.66
TX1419,V3552,U1357,ORD1419,2025-05-24 23:07:00,paypal,684.04
TX1420,V3553,U1357,ORD1420,2025-04-01 10:33:00,paypal,1089.91
TX1421,V3569,U1359,ORD1421,2025-05-27 18:51:00,paypal,942.37
TX1422,V3576,U1361,ORD1422,2025-04-18 04:43:00,credit_card,31.05
TX1423,V3577,U1361,ORD1423,2025-05-14 22:11:00,paypal,459.57
TX1424,V3578,U1361,ORD1424,2025-04-08 23:13:00,COD,100.23
TX1425,V3579,U1361,ORD1425,2025-03-13 00:09:00,credit_card,966.25
TX1426,V3580,U1361,ORD1426,2025-03-08 07:16:00,paypal,188.13
TX1427,V3585,U1362,ORD1427,2025-03-23 21:39:00,wallet,135.03
TX1428,V3586,U1363,ORD1428,2025-05-26 06:53:00,wallet,154.29
TX1429,V3587,U1363,ORD1429,2025-03-27 13:11:00,wallet,10.5
TX1430,V3599,U1365,ORD1430,2025-03-18 17:54:00,credit_card,695.18
TX1431,V3600,U1365,ORD1431,2025-03-25 00:16:00,COD,399.58
TX1432,V3601,U1365,ORD1432,2025-04-12 20:24:00,wallet,172.08
TX1433,V3602,U1365,ORD1433,2025-04-25 11:35:00,wallet,224.05
TX1434,V3604,U1365,ORD1434,2025-05-20 02:35:00,COD,40.24
TX1435,V3606,U1365,ORD1435,2025-03-31 00:00:00,credit_card,303.89
TX1436,V3635,U1370,ORD1436,2025-04-04 14:03:00,paypal,396.29
TX1437,V3637,U1370,ORD1437,2025-04-02 01:21:00,wallet,310.47
TX1438,V3638,U1370,ORD1438,2025-05-28 23:49:00,paypal,1325.04
TX1439,V3641,U1370,ORD1439,2025-05-01 00:34:00,wallet,75.84
TX1440,V3642,U1371,ORD1440,2025-03-01 21:58:00,wallet,212.88
TX1441,V3643,U1371,ORD1441,2025-03-03 02:19:00,COD,394.28
TX1442,V3646,U1371,ORD1442,2025-05-07 21:56:00,wallet,455.45
TX1443,V3680,U1377,ORD1443,2025-04-29 10:08:00,credit_card,1115.34
TX1444,V3683,U1377,ORD1444,2025-04-08 21:56:00,COD,539.25
TX1445,V3684,U1377,ORD1445,2025-05-25 12:03:00,wallet,136.2
TX1446,V3686,U1377,ORD1446,2025-04-18 20:07:00,COD,365.38
TX1447,V3687,U1377,ORD1447,2025-04-25 05:45:00,COD,172.38
TX1448,V3688,U1377,ORD1448,2025-05-05 06:32:00,COD,550.83
TX1449,V3710,U1380,ORD1449,2025-05-23 09:38:00,COD,388.26
TX1450,V3711,U1380,ORD1450,2025-04-01 19:38:00,COD,524.07
TX1451,V3713,U1380,ORD1451,2025-03-29 11:32:00,paypal,662.97
TX1452,V3714,U1380,ORD1452,2025-05-06 16:55:00,credit_card,582.44
TX1453,V3715,U1381,ORD1453,2025-04-17 04:13:00,wallet,10.35
TX1454,V3716,U1381,ORD1454,2025-04-05 16:17:00,COD,630.86
TX1455,V3717,U1381,ORD1455,2025-05-14 01:38:00,credit_card,73.42
TX1456,V3718,U1381,ORD1456,2025-05-26 15:24:00,credit_card,27.96
TX1457,V3719,U1382,ORD1457,2025-03-23 01:14:00,paypal,66.51
TX1458,V3720,U1382,ORD1458,2025-03-29 06:37:00,COD,119.94
TX1459,V3723,U1382,ORD1459,2025-03-02 01:01:00,COD,1752.57
TX1460,V3826,U1398,ORD1460,2025-05-01 04:37:00,COD,479.26
TX1461,V3827,U1398,ORD1461,2025-04-12 09:37:00,COD,168.92
TX1462,V3828,U1398,ORD1462,2025-03-17 17:08:00,credit_card,328.85
TX1463,V3829,U1398,ORD1463,2025-04-14 21:36:00,credit_card,1405.65
TX1464,V3830,U1398,ORD1464,2025-05-17 04:56:00,COD,56.24
TX1465,V3894,U1408,ORD1465,2025-05-17 12:54:00,COD,25.85
TX1466,V3913,U1411,ORD1466,2025-04-18 17:56:00,wallet,725.79
TX1467,V3916,U1411,ORD1467,2025-05-29 22:31:00,wallet,110.73
TX1468,V3919,U1411,ORD1468,2025-03-23 22:31:00,paypal,51.32
TX1469,V4024,U1425,ORD1469,2025-03-19 07:26:00,wallet,161.32
TX1470,V4049,U1428,ORD1470,2025-04-01 07:47:00,credit_card,190.69
TX1471,V4051,U1429,ORD1471,2025-05-05 12:04:00,paypal,163.12
TX1472,V4053,U1429,ORD1472,2025-04-26 18:03:00,credit_card,326.54
TX1473,V4054,U1429,ORD1473,2025-04-01 13:05:00,credit_card,41.14
TX1474,V4055,U1429,ORD1474,2025-03-20 19:57:00,wallet,74.22
TX1475,V4056,U1429,ORD1475,2025-05-10 15:11:00,paypal,1073.83
TX1476,V4057,U1429,ORD1476,2025-04-16 01:26:00,credit_card,706.74
TX1477,V4058,U1429,ORD1477,2025-03-22 06:00:00,COD,789.08
TX1478,V4059,U1429,ORD1478,2025-03-16 02:29:00,paypal,325.75
TX1479,V4060,U1429,ORD1479,2025-03-07 20:03:00,wallet,170.67
TX1480,V4069,U1430,ORD1480,2025-03-29 14:52:00,credit_card,235.01
TX1481,V4074,U1432,ORD1481,2025-03-30 17:06:00,COD,300.68
TX1482,V4078,U1432,ORD1482,2025-03-26 06:31:00,paypal,416.52
TX1483,V4079,U1432,ORD1483,2025-05-28 16:04:00,COD,430.98
TX1484,V4081,U1432,ORD1484,2025-04-15 10:49:00,COD,34.5
TX1485,V4097,U1436,ORD1485,2025-04-25 03:10:00,COD,559.21
TX1486,V4098,U1436,ORD1486,2025-04-07 00:12:00,wallet,20.78
TX1487,V4100,U1436,ORD1487,2025-04-19 06:19:00,paypal,300.67
TX1488,V4122,U1439,ORD1488,2025-05-09 19:45:00,paypal,362.2
TX1489,V4125,U1439,ORD1489,2025-03-28 13:26:00,COD,232.62
TX1490,V4126,U1439,ORD1490,2025-03-17 15:00:00,COD,827.79
TX1491,V4168,U1445,ORD1491,2025-04-20 09:12:00,wallet,780.26
TX1492,V4170,U1445,ORD1492,2025-04-03 00:53:00,wallet,202.92
TX1493,V4171,U1445,ORD1493,2025-05-02 12:31:00,COD,12.07
TX1494,V4205,U1449,ORD1494,2025-05-22 20:15:00,wallet,238.05
TX1495,V4206,U1449,ORD1495,2025-04-18 03:26:00,credit_card,506.76
TX1496,V4208,U1449,ORD1496,2025-04-30 19:59:00,credit_card,238.96
TX1497,V4215,U1451,ORD1497,2025-03-04 03:25:00,COD,373.68
TX1498,V4216,U1451,ORD1498,2025-05-15 00:27:00,paypal,3224.34
TX1499,V4217,U1451,ORD1499,2025-03-13 08:04:00,paypal,126.96
TX1500,V4293,U1462,ORD1500,2025-04-07 17:09:00,COD,1047.4
TX1501,V4294,U1462,ORD1501,2025-04-30 13:08:00,wallet,125.12
TX1502,V4303,U1464,ORD1502,2025-04-17 19:10:00,wallet,46.96
TX1503,V4304,U1464,ORD1503,2025-05-30 21:00:00,paypal,23.3
TX1504,V4305,U1464,ORD1504,2025-04-09 22:36:00,COD,176.64
TX1505,V4307,U1464,ORD1505,2025-04-19 12:44:00,credit_card,44.81
TX1506,V4310,U1465,ORD1506,2025-05-27 01:11:00,COD,197.77
TX1507,V4312,U1465,ORD1507,2025-04-08 03:42:00,paypal,375.6
TX1508,V4329,U1468,ORD1508,2025-05-09 03:24:00,credit_card,1587.84
TX1509,V4332,U1468,ORD1509,2025-03-16 07:35:00,wallet,219.22
TX1510,V4333,U1468,ORD1510,2025-04-29 05:46:00,paypal,344.22
TX1511,V4334,U1468,ORD1511,2025-05-07 00:59:00,wallet,212.14
TX1512,V4430,U1481,ORD1512,2025-03-29 01:12:00,COD,321.88
TX1513,V4462,U1486,ORD1513,2025-05-10 13:57:00,COD,468.78
TX1514,V4463,U1486,ORD1514,2025-03-05 08:58:00,wallet,292.96
TX1515,V4465,U1486,ORD1515,2025-03-10 13:56:00,wallet,690.23
TX1516,V4491,U1490,ORD1516,2025-05-08 15:58:00,credit_card,361.28
TX1517,V4493,U1490,ORD1517,2025-05-31 11:12:00,wallet,229.74
TX1518,V4513,U1493,ORD1518,2025-05-23 18:24:00,credit_card,284.0
TX1519,V4514,U1493,ORD1519,2025-04-08 14:55:00,wallet,407.82
TX1520,V4515,U1493,ORD1520,2025-05-13 09:08:00,paypal,214.98
TX1521,V4516,U1493,ORD1521,2025-04-02 02:12:00,credit_card,326.88
TX1522,V4517,U1493,ORD1522,2025-04-29 02:56:00,paypal,383.22
TX1523,V4520,U1493,ORD1523,2025-04-02 07:49:00,COD,350.36
TX1524,V4522,U1493,ORD1524,2025-05-06 08:53:00,paypal,133.66
TX1525,V4525,U1494,ORD1525,2025-04-29 11:52:00,wallet,330.77
TX1526,V4527,U1494,ORD1526,2025-04-09 05:08:00,credit_card,96.18
TX1527,V4528,U1494,ORD1527,2025-04-24 04:18:00,credit_card,411.03
TX1528,V4529,U1494,ORD1528,2025-04-14 20:16:00,wallet,160.26
TX1529,V4533,U1494,ORD1529,2025-05-06 20:28:00,credit_card,499.47
TX1530,V4535,U1494,ORD1530,2025-03-28 13:21:00,credit_card,1068.76
TX1531,V4536,U1495,ORD1531,2025-05-13 08:46:00,COD,441.51
TX1532,V4537,U1495,ORD1532,2025-05-24 03:36:00,paypal,1091.06
TX1533,V4540,U1495,ORD1533,2025-04-01 19:58:00,paypal,402.36
TX1534,V4541,U1495,ORD1534,2025-04-19 18:37:00,credit_card,234.36
TX1535,V4568,U1499,ORD1535,2025-04-09 14:14:00,paypal,207.52
TX1536,V4569,U1499,ORD1536,2025-04-23 05:58:00,wallet,92.28
TX1537,V4570,U1499,ORD1537,2025-03-29 20:31:00,paypal,366.05
TX1538,V4572,U1499,ORD1538,2025-03-20 05:35:00,wallet,126.71
TX1539,V4573,U1499,ORD1539,2025-05-23 10:12:00,wallet,135.75
TX1540,V4574,U1499,ORD1540,2025-04-09 02:33:00,credit_card,748.61
TX1541,V4575,U1499,ORD1541,2025-03-15 08:01:00,wallet,920.38
TX1542,V4581,U1501,ORD1542,2025-04-15 06:07:00,COD,299.3
TX1543,V4583,U1501,ORD1543,2025-03-15 05:32:00,credit_card,34.3
TX1544,V4661,U1513,ORD1544,2025-03-06 03:12:00,COD,459.57
TX1545,V4662,U1513,ORD1545,2025-04-26 12:02:00,COD,990.09
TX1546,V4663,U1513,ORD1546,2025-05-04 07:45:00,credit_card,181.22
TX1547,V4664,U1513,ORD1547,2025-03-11 12:38:00,wallet,364.25
TX1548,V4672,U1514,ORD1548,2025-03-26 13:40:00,COD,363.61
TX1549,V4677,U1514,ORD1549,2025-04-15 03:44:00,paypal,327.79
TX1550,V4713,U1519,ORD1550,2025-03-17 15:14:00,credit_card,19.92
TX1551,V4715,U1519,ORD1551,2025-03-31 22:10:00,paypal,273.47
TX1552,V4725,U1521,ORD1552,2025-05-29 19:41:00,COD,98.1
TX1553,V4727,U1521,ORD1553,2025-03-16 07:58:00,paypal,1308.02
TX1554,V4728,U1521,ORD1554,2025-05-19 00:42:00,paypal,86.31
TX1555,V4729,U1521,ORD1555,2025-03-29 11:38:00,wallet,114.03
TX1556,V4730,U1521,ORD1556,2025-03-11 05:13:00,paypal,84.66
TX1557,V4734,U1522,ORD1557,2025-03-19 08:29:00,COD,423.54
TX1558,V4737,U1522,ORD1558,2025-05-20 13:52:00,paypal,66.66
TX1559,V4738,U1522,ORD1559,2025-04-18 09:53:00,COD,563.4
TX1560,V4739,U1523,ORD1560,2025-04-22 08:33:00,credit_card,181.03
TX1561,V4740,U1523,ORD1561,2025-05-09 14:10:00,credit_card,1090.07
TX1562,V4741,U1523,ORD1562,2025-05-25 09:31:00,COD,569.08
TX1563,V4751,U1526,ORD1563,2025-04-28 03:33:00,credit_card,128.57
TX1564,V4752,U1526,ORD1564,2025-05-23 14:46:00,COD,162.86
TX1565,V4753,U1526,ORD1565,2025-04-17 18:10:00,COD,190.37
TX1566,V4755,U1526,ORD1566,2025-03-02 15:07:00,wallet,138.39
TX1567,V4757,U1526,ORD1567,2025-03-16 21:19:00,COD,147.34
TX1568,V4759,U1526,ORD1568,2025-04-07 17:40:00,wallet,824.08
TX1569,V4761,U1527,ORD1569,2025-03-06 06:11:00,wallet,46.34
TX1570,V4762,U1527,ORD1570,2025-05-11 23:20:00,wallet,155.22
TX1571,V4763,U1527,ORD1571,2025-04-06 23:30:00,credit_card,544.34
TX1572,V4764,U1527,ORD1572,2025-05-16 18:46:00,COD,611.45
TX1573,V4768,U1528,ORD1573,2025-04-12 15:51:00,credit_card,296.48
TX1574,V4769,U1528,ORD1574,2025-05-19 08:34:00,paypal,29.1
TX1575,V4770,U1529,ORD1575,2025-04-20 13:16:00,wallet,52.61
TX1576,V4771,U1529,ORD1576,2025-03-28 15:42:00,credit_card,64.13
TX1577,V4773,U1529,ORD1577,2025-05-11 14:08:00,COD,628.72
TX1578,V4802,U1534,ORD1578,2025-03-03 10:59:00,wallet,742.77
TX1579,V4804,U1534,ORD1579,2025-04-22 21:04:00,credit_card,200.49
TX1580,V4805,U1534,ORD1580,2025-04-04 18:02:00,credit_card,1491.69
TX1581,V4807,U1535,ORD1581,2025-05-29 21:49:00,wallet,500.77
TX1582,V4808,U1535,ORD1582,2025-05-26 11:19:00,COD,564.32
TX1583,V4809,U1535,ORD1583,2025-04-22 06:35:00,COD,122.56
TX1584,V4813,U1536,ORD1584,2025-05-31 16:29:00,credit_card,481.98
TX1585,V4814,U1536,ORD1585,2025-05-15 15:34:00,COD,513.12
TX1586,V4815,U1536,ORD1586,2025-05-27 22:00:00,wallet,114.96
TX1587,V4867,U1542,ORD1587,2025-05-21 15:50:00,COD,803.77
TX1588,V4869,U1542,ORD1588,2025-04-04 14:16:00,paypal,28.92
TX1589,V4870,U1542,ORD1589,2025-04-12 16:12:00,wallet,314.95
TX1590,V4871,U1542,ORD1590,2025-04-06 11:04:00,wallet,175.08
TX1591,V4874,U1543,ORD1591,2025-03-19 19:43:00,COD,533.2
TX1592,V4875,U1543,ORD1592,2025-03-05 19:48:00,credit_card,709.61
TX1593,V4877,U1543,ORD1593,2025-05-13 02:28:00,credit_card,826.14
TX1594,V4884,U1544,ORD1594,2025-04-23 14:52:00,credit_card,80.25
TX1595,V4909,U1548,ORD1595,2025-03-17 00:20:00,credit_card,90.05
TX1596,V4912,U1548,ORD1596,2025-05-15 18:36:00,credit_card,472.46
TX1597,V4915,U1548,ORD1597,2025-05-06 05:39:00,credit_card,639.31
TX1598,V4916,U1548,ORD1598,2025-04-12 07:00:00,wallet,546.47
TX1599,V4917,U1548,ORD1599,2025-04-16 01:15:00,COD,60.49
TX1600,V4921,U1549,ORD1600,2025-04-30 23:58:00,COD,82.51
TX1601,V4922,U1549,ORD1601,2025-03-19 18:37:00,credit_card,212.51
TX1602,V4924,U1549,ORD1602,2025-05-02 03:26:00,paypal,550.71
TX1603,V4925,U1549,ORD1603,2025-03-25 03:30:00,paypal,216.49
TX1604,V4926,U1549,ORD1604,2025-03-15 11:16:00,credit_card,33.62
TX1605,V4927,U1549,ORD1605,2025-03-05 09:24:00,paypal,413.0
TX1606,V4928,U1549,ORD1606,2025-03-19 22:48:00,paypal,96.08
TX1607,V4964,U1554,ORD1607,2025-05-19 10:31:00,wallet,22.92
TX1608,V4967,U1554,ORD1608,2025-04-29 23:05:00,paypal,272.32
TX1609,V4968,U1554,ORD1609,2025-03-24 23:10:00,credit_card,371.22
TX1610,V4971,U1554,ORD1610,2025-03-11 11:15:00,credit_card,155.67
TX1611,V4986,U1557,ORD1611,2025-04-22 21:16:00,credit_card,1323.95
TX1612,V4987,U1557,ORD1612,2025-03-16 21:04:00,COD,421.65
TX1613,V4993,U1557,ORD1613,2025-05-23 07:31:00,COD,652.35
TX1614,V4995,U1557,ORD1614,2025-05-28 11:17:00,wallet,633.31
TX1615,V5002,U1559,ORD1615,2025-04-19 01:06:00,paypal,93.75
TX1616,V5004,U1559,ORD1616,2025-04-28 08:07:00,credit_card,90.11
TX1617,V5006,U1559,ORD1617,2025-03-29 17:56:00,credit_card,246.29
TX1618,V5070,U1570,ORD1618,2025-04-23 12:38:00,paypal,223.57
TX1619,V5097,U1575,ORD1619,2025-03-25 19:28:00,COD,1467.65
TX1620,V5098,U1575,ORD1620,2025-05-28 22:25:00,wallet,333.04
TX1621,V5116,U1578,ORD1621,2025-03-11 23:47:00,paypal,68.0
TX1622,V5117,U1578,ORD1622,2025-05-12 12:18:00,paypal,674.33
TX1623,V5120,U1578,ORD1623,2025-03-20 21:26:00,paypal,1108.87
TX1624,V5122,U1578,ORD1624,2025-04-24 18:32:00,paypal,387.64
TX1625,V5158,U1583,ORD1625,2025-04-12 19:46:00,credit_card,272.3
TX1626,V5159,U1583,ORD1626,2025-04-03 12:14:00,paypal,323.2
TX1627,V5169,U1584,ORD1627,2025-04-06 14:05:00,credit_card,153.25
TX1628,V5171,U1584,ORD1628,2025-05-29 21:25:00,COD,93.1
TX1629,V5172,U1584,ORD1629,2025-05-18 16:04:00,paypal,388.4
TX1630,V5173,U1584,ORD1630,2025-05-17 23:10:00,wallet,204.45
TX1631,V5174,U1584,ORD1631,2025-05-23 22:56:00,credit_card,48.0
TX1632,V5176,U1584,ORD1632,2025-05-05 09:15:00,paypal,407.94
TX1633,V5195,U1587,ORD1633,2025-05-05 08:49:00,wallet,804.57
TX1634,V5197,U1587,ORD1634,2025-04-10 23:32:00,paypal,753.68
TX1635,V5199,U1587,ORD1635,2025-04-22 18:46:00,paypal,174.76
TX1636,V5200,U1587,ORD1636,2025-04-22 07:45:00,wallet,986.76
TX1637,V5208,U1590,ORD1637,2025-05-09 12:19:00,paypal,1239.78
TX1638,V5209,U1590,ORD1638,2025-03-25 12:02:00,COD,1285.5
TX1639,V5212,U1590,ORD1639,2025-04-07 00:26:00,COD,524.84
TX1640,V5215,U1590,ORD1640,2025-03-08 00:49:00,paypal,138.09
TX1641,V5216,U1590,ORD1641,2025-04-05 04:02:00,COD,235.05
TX1642,V5218,U1590,ORD1642,2025-05-26 03:43:00,wallet,518.63
TX1643,V5242,U1595,ORD1643,2025-03-02 21:04:00,wallet,308.76
TX1644,V5243,U1595,ORD1644,2025-05-20 19:31:00,paypal,305.92
TX1645,V5244,U1595,ORD1645,2025-04-10 18:30:00,COD,135.46
TX1646,V5246,U1595,ORD1646,2025-04-16 04:37:00,wallet,162.9
TX1647,V5248,U1595,ORD1647,2025-04-23 01:02:00,credit_card,221.71
TX1648,V5249,U1596,ORD1648,2025-03-31 07:54:00,paypal,617.67
TX1649,V5270,U1599,ORD1649,2025-03-17 21:22:00,wallet,351.16
TX1650,V5273,U1599,ORD1650,2025-03-13 20:34:00,wallet,269.99
TX1651,V5274,U1599,ORD1651,2025-03-22 22:40:00,paypal,559.23
TX1652,V5281,U1601,ORD1652,2025-05-08 23:28:00,wallet,635.7
TX1653,V5286,U1601,ORD1653,2025-03-08 07:23:00,wallet,509.24
TX1654,V5287,U1601,ORD1654,2025-04-06 12:36:00,credit_card,214.11
TX1655,V5301,U1603,ORD1655,2025-03-22 12:03:00,credit_card,260.6
TX1656,V5302,U1603,ORD1656,2025-05-30 08:11:00,wallet,1793.2
TX1657,V5309,U1604,ORD1657,2025-03-11 22:11:00,paypal,23.17
TX1658,V5310,U1604,ORD1658,2025-03-31 07:06:00,wallet,533.1
TX1659,V5313,U1604,ORD1659,2025-04-20 02:35:00,paypal,1579.82
TX1660,V5315,U1604,ORD1660,2025-04-08 12:15:00,credit_card,241.56
TX1661,V5359,U1613,ORD1661,2025-05-25 23:29:00,wallet,779.16
TX1662,V5360,U1613,ORD1662,2025-05-17 00:54:00,COD,839.42
TX1663,V5361,U1613,ORD1663,2025-03-10 03:06:00,COD,684.96
TX1664,V5365,U1613,ORD1664,2025-03-16 21:15:00,COD,365.22
TX1665,V5392,U1617,ORD1665,2025-04-30 09:08:00,paypal,29.56
TX1666,V5393,U1617,ORD1666,2025-03-06 15:57:00,wallet,532.53
TX1667,V5396,U1617,ORD1667,2025-04-25 17:45:00,COD,40.24
TX1668,V5397,U1617,ORD1668,2025-03-17 23:09:00,paypal,553.92
TX1669,V5402,U1617,ORD1669,2025-03-22 23:44:00,COD,348.43
TX1670,V5418,U1621,ORD1670,2025-03-22 00:28:00,credit_card,212.22
TX1671,V5419,U1621,ORD1671,2025-05-13 18:19:00,credit_card,610.24
TX1672,V5439,U1626,ORD1672,2025-03-29 13:14:00,paypal,92.53
TX1673,V5440,U1626,ORD1673,2025-03-09 06:23:00,COD,957.87
TX1674,V5441,U1626,ORD1674,2025-05-26 15:02:00,paypal,662.17
TX1675,V5442,U1626,ORD1675,2025-04-14 03:53:00,credit_card,1405.65
TX1676,V5445,U1626,ORD1676,2025-05-27 00:00:00,wallet,341.52
TX1677,V5446,U1626,ORD1677,2025-03-19 19:56:00,wallet,303.03
TX1678,V5447,U1626,ORD1678,2025-03-07 04:13:00,credit_card,235.69
TX1679,V5474,U1631,ORD1679,2025-04-19 18:47:00,credit_card,643.44
TX1680,V5476,U1631,ORD1680,2025-05-17 10:31:00,COD,218.55
TX1681,V5477,U1631,ORD1681,2025-04-11 00:56:00,wallet,255.83
TX1682,V5478,U1631,ORD1682,2025-04-21 20:17:00,paypal,1162.78
TX1683,V5503,U1635,ORD1683,2025-05-20 20:48:00,paypal,283.15
TX1684,V5504,U1635,ORD1684,2025-04-12 07:18:00,COD,463.2
TX1685,V5509,U1635,ORD1685,2025-03-19 15:11:00,paypal,352.82
TX1686,V5512,U1636,ORD1686,2025-04-07 02:06:00,wallet,492.76
TX1687,V5569,U1643,ORD1687,2025-03-07 19:11:00,COD,86.19
TX1688,V5570,U1643,ORD1688,2025-05-31 22:34:00,paypal,328.6
TX1689,V5574,U1643,ORD1689,2025-04-09 08:20:00,wallet,271.49
TX1690,V5580,U1644,ORD1690,2025-03-13 22:49:00,COD,43.03
TX1691,V5587,U1644,ORD1691,2025-04-03 03:15:00,wallet,169.8
TX1692,V5616,U1649,ORD1692,2025-04-16 08:50:00,credit_card,63.03
TX1693,V5617,U1649,ORD1693,2025-04-29 18:32:00,paypal,568.8
TX1694,V5618,U1649,ORD1694,2025-03-13 01:30:00,paypal,258.09
TX1695,V5619,U1649,ORD1695,2025-03-28 11:11:00,paypal,247.7
TX1696,V5624,U1650,ORD1696,2025-05-22 02:25:00,credit_card,177.12
TX1697,V5626,U1650,ORD1697,2025-04-19 08:11:00,COD,203.13
TX1698,V5627,U1650,ORD1698,2025-03-04 14:09:00,wallet,572.36
TX1699,V5643,U1652,ORD1699,2025-04-29 19:44:00,credit_card,33.57
TX1700,V5644,U1652,ORD1700,2025-04-24 09:23:00,paypal,470.04
TX1701,V5646,U1652,ORD1701,2025-05-12 08:16:00,wallet,10.01
TX1702,V5647,U1652,ORD1702,2025-05-31 12:05:00,credit_card,334.27
TX1703,V5649,U1652,ORD1703,2025-03-04 08:52:00,paypal,455.25
TX1704,V5650,U1652,ORD1704,2025-03-04 03:40:00,credit_card,179.26
TX1705,V5651,U1652,ORD1705,2025-04-20 05:27:00,COD,188.74
TX1706,V5664,U1655,ORD1706,2025-05-03 14:05:00,COD,311.99
TX1707,V5667,U1655,ORD1707,2025-04-12 16:05:00,credit_card,309.48
TX1708,V5669,U1656,ORD1708,2025-03-21 02:50:00,credit_card,145.08
TX1709,V5670,U1656,ORD1709,2025-03-19 10:01:00,credit_card,199.62
TX1710,V5671,U1656,ORD1710,2025-05-07 19:57:00,paypal,245.97
TX1711,V5674,U1656,ORD1711,2025-03-12 07:45:00,COD,43.86
TX1712,V5701,U1660,ORD1712,2025-05-19 08:12:00,wallet,325.35
TX1713,V5706,U1660,ORD1713,2025-04-06 15:01:00,wallet,374.58
TX1714,V5708,U1660,ORD1714,2025-04-02 11:43:00,paypal,370.81
TX1715,V5709,U1660,ORD1715,2025-03-02 04:26:00,wallet,266.77
TX1716,V5710,U1660,ORD1716,2025-05-07 06:50:00,COD,185.49
TX1717,V5721,U1662,ORD1717,2025-05-10 08:01:00,wallet,849.1
TX1718,V5723,U1662,ORD1718,2025-05-23 17:44:00,wallet,128.28
TX1719,V5724,U1662,ORD1719,2025-03-09 13:21:00,wallet,77.55
TX1720,V5733,U1664,ORD1720,2025-03-29 04:26:00,credit_card,371.17
TX1721,V5740,U1664,ORD1721,2025-03-04 13:33:00,credit_card,7.51
TX1722,V5767,U1668,ORD1722,2025-03-04 01:14:00,paypal,34.38
TX1723,V5769,U1668,ORD1723,2025-03-02 22:13:00,wallet,374.85
TX1724,V5771,U1668,ORD1724,2025-05-23 18:10:00,COD,102.86
TX1725,V5773,U1668,ORD1725,2025-03-24 01:24:00,COD,587.92
TX1726,V5786,U1670,ORD1726,2025-05-07 08:58:00,wallet,334.75
TX1727,V5789,U1670,ORD1727,2025-05-09 06:00:00,credit_card,388.83
TX1728,V5790,U1670,ORD1728,2025-05-29 20:04:00,paypal,549.09
TX1729,V5791,U1670,ORD1729,2025-04-27 19:32:00,COD,223.54
TX1730,V5792,U1670,ORD1730,2025-03-13 06:23:00,COD,129.85
TX1731,V5793,U1670,ORD1731,2025-04-01 14:05:00,COD,300.2
TX1732,V5840,U1677,ORD1732,2025-05-08 03:06:00,credit_card,51.05
TX1733,V5842,U1677,ORD1733,2025-05-02 23:50:00,credit_card,210.26
TX1734,V5843,U1677,ORD1734,2025-03-16 05:12:00,wallet,439.17
TX1735,V5845,U1678,ORD1735,2025-05-13 23:02:00,paypal,611.79
TX1736,V5846,U1678,ORD1736,2025-03-25 06:33:00,COD,140.8
TX1737,V5847,U1678,ORD1737,2025-05-28 07:23:00,wallet,270.98
TX1738,V5849,U1678,ORD1738,2025-03-04 21:36:00,wallet,462.0
TX1739,V5850,U1678,ORD1739,2025-05-05 14:18:00,paypal,1158.51
TX1740,V5851,U1678,ORD1740,2025-04-14 10:43:00,credit_card,583.7
TX1741,V5905,U1687,ORD1741,2025-03-04 01:40:00,COD,720.55
TX1742,V5907,U1687,ORD1742,2025-04-02 18:24:00,paypal,10.23
TX1743,V5917,U1689,ORD1743,2025-03-12 08:53:00,wallet,228.88
TX1744,V5921,U1689,ORD1744,2025-03-23 06:56:00,wallet,326.7
TX1745,V5922,U1689,ORD1745,2025-04-19 08:24:00,wallet,246.43
TX1746,V5924,U1689,ORD1746,2025-05-16 07:28:00,credit_card,486.59
TX1747,V5945,U1692,ORD1747,2025-04-10 14:06:00,paypal,51.4
TX1748,V5946,U1692,ORD1748,2025-03-23 08:13:00,wallet,405.92
TX1749,V5970,U1695,ORD1749,2025-05-09 05:23:00,COD,1367.95
TX1750,V5978,U1697,ORD1750,2025-05-30 14:36:00,COD,223.43
TX1751,V5979,U1697,ORD1751,2025-03-16 18:50:00,credit_card,1244.97
TX1752,V5980,U1697,ORD1752,2025-05-06 23:39:00,wallet,66.84
TX1753,V5981,U1697,ORD1753,2025-04-20 21:06:00,paypal,940.96
TX1754,V5982,U1697,ORD1754,2025-05-02 08:32:00,wallet,138.62
TX1755,V6066,U1708,ORD1755,2025-04-29 02:54:00,credit_card,648.84
TX1756,V6067,U1708,ORD1756,2025-05-20 23:15:00,wallet,902.12
TX1757,V6089,U1713,ORD1757,2025-03-17 15:34:00,COD,139.65
TX1758,V6090,U1713,ORD1758,2025-05-26 13:18:00,paypal,225.5
TX1759,V6098,U1714,ORD1759,2025-03-31 19:52:00,paypal,1493.67
TX1760,V6099,U1714,ORD1760,2025-04-18 20:08:00,wallet,57.0
TX1761,V6100,U1714,ORD1761,2025-05-21 09:22:00,COD,179.01
TX1762,V6101,U1714,ORD1762,2025-05-23 00:21:00,credit_card,271.35
TX1763,V6108,U1716,ORD1763,2025-05-02 18:26:00,COD,119.18
TX1764,V6110,U1716,ORD1764,2025-05-20 06:21:00,wallet,271.56
TX1765,V6113,U1716,ORD1765,2025-05-13 05:12:00,COD,69.12
TX1766,V6114,U1716,ORD1766,2025-04-24 06:51:00,wallet,373.92
TX1767,V6118,U1717,ORD1767,2025-04-28 11:55:00,COD,114.57
TX1768,V6120,U1717,ORD1768,2025-03-28 15:13:00,wallet,270.88
TX1769,V6124,U1717,ORD1769,2025-05-19 11:34:00,credit_card,1035.1
TX1770,V6147,U1721,ORD1770,2025-03-16 06:47:00,wallet,75.66
TX1771,V6148,U1721,ORD1771,2025-05-04 00:26:00,COD,89.81
TX1772,V6149,U1721,ORD1772,2025-04-26 11:13:00,wallet,93.72
TX1773,V6151,U1721,ORD1773,2025-05-24 14:49:00,paypal,469.69
TX1774,V6199,U1731,ORD1774,2025-04-27 01:00:00,paypal,87.2
TX1775,V6200,U1731,ORD1775,2025-03-22 07:24:00,COD,95.69
TX1776,V6205,U1731,ORD1776,2025-03-16 23:41:00,wallet,862.72
TX1777,V6215,U1734,ORD1777,2025-05-16 13:26:00,credit_card,115.49
TX1778,V6216,U1734,ORD1778,2025-04-26 06:13:00,paypal,409.9
TX1779,V6217,U1734,ORD1779,2025-05-24 19:24:00,wallet,256.3
TX1780,V6218,U1734,ORD1780,2025-04-03 02:54:00,COD,167.07
TX1781,V6221,U1734,ORD1781,2025-05-04 00:30:00,paypal,79.4
TX1782,V6222,U1734,ORD1782,2025-04-20 00:10:00,wallet,81.13
TX1783,V6223,U1734,ORD1783,2025-05-21 15:38:00,paypal,650.46
TX1784,V6224,U1734,ORD1784,2025-04-26 02:03:00,COD,99.99
TX1785,V6225,U1734,ORD1785,2025-04-17 19:52:00,credit_card,540.65
TX1786,V6226,U1734,ORD1786,2025-04-05 15:27:00,wallet,284.58
TX1787,V6227,U1734,ORD1787,2025-04-30 02:09:00,credit_card,359.23
TX1788,V6242,U1737,ORD1788,2025-03-30 23:30:00,COD,810.02
TX1789,V6243,U1737,ORD1789,2025-05-20 18:43:00,credit_card,331.83
TX1790,V6244,U1737,ORD1790,2025-04-09 06:45:00,wallet,471.72
TX1791,V6262,U1740,ORD1791,2025-03-20 23:13:00,paypal,610.2
TX1792,V6264,U1740,ORD1792,2025-03-07 22:23:00,wallet,149.52
TX1793,V6268,U1741,ORD1793,2025-05-13 20:44:00,credit_card,419.24
TX1794,V6271,U1741,ORD1794,2025-04-19 17:04:00,credit_card,294.99
TX1795,V6321,U1749,ORD1795,2025-03-04 08:42:00,wallet,76.38
TX1796,V6322,U1749,ORD1796,2025-05-10 07:19:00,wallet,169.58
TX1797,V6340,U1753,ORD1797,2025-05-29 22:20:00,COD,251.93
TX1798,V6344,U1753,ORD1798,2025-04-23 16:52:00,credit_card,100.75
TX1799,V6345,U1753,ORD1799,2025-05-25 09:50:00,paypal,361.32
TX1800,V6347,U1753,ORD1800,2025-05-27 22:47:00,wallet,239.29
TX1801,V6348,U1753,ORD1801,2025-04-02 09:59:00,credit_card,1008.17
TX1802,V6385,U1761,ORD1802,2025-05-14 07:54:00,paypal,221.14
TX1803,V6398,U1764,ORD1803,2025-05-17 08:37:00,paypal,143.32
TX1804,V6399,U1764,ORD1804,2025-05-30 08:43:00,COD,36.34
TX1805,V6400,U1764,ORD1805,2025-05-14 05:13:00,COD,326.87
TX1806,V6401,U1764,ORD1806,2025-05-18 21:22:00,credit_card,1406.19
TX1807,V6402,U1764,ORD1807,2025-04-24 03:16:00,wallet,254.43
TX1808,V6404,U1764,ORD1808,2025-05-06 20:47:00,COD,167.56
TX1809,V6416,U1767,ORD1809,2025-05-06 09:34:00,COD,223.14
TX1810,V6417,U1767,ORD1810,2025-03-27 16:22:00,paypal,314.1
TX1811,V6418,U1767,ORD1811,2025-03-26 22:23:00,credit_card,367.93
TX1812,V6419,U1767,ORD1812,2025-04-24 01:49:00,paypal,43.86
TX1813,V6422,U1767,ORD1813,2025-04-30 14:19:00,paypal,28.42
TX1814,V6423,U1767,ORD1814,2025-04-07 02:48:00,COD,1145.76
TX1815,V6424,U1767,ORD1815,2025-05-05 12:07:00,wallet,32.0
TX1816,V6426,U1767,ORD1816,2025-05-19 02:02:00,credit_card,614.01
TX1817,V6522,U1783,ORD1817,2025-05-18 03:49:00,COD,939.45
TX1818,V6552,U1787,ORD1818,2025-05-16 08:23:00,paypal,143.86
TX1819,V6553,U1787,ORD1819,2025-05-27 19:51:00,credit_card,412.62
TX1820,V6555,U1787,ORD1820,2025-03-02 16:08:00,COD,162.34
TX1821,V6560,U1787,ORD1821,2025-05-13 10:58:00,wallet,949.98
TX1822,V6575,U1789,ORD1822,2025-05-22 00:43:00,wallet,658.17
TX1823,V6578,U1789,ORD1823,2025-03-13 10:07:00,wallet,618.06
TX1824,V6626,U1796,ORD1824,2025-03-17 18:32:00,wallet,74.61
TX1825,V6627,U1797,ORD1825,2025-05-30 01:22:00,wallet,117.14
TX1826,V6629,U1797,ORD1826,2025-03-12 17:16:00,paypal,1127.7
TX1827,V6632,U1798,ORD1827,2025-03-11 00:38:00,credit_card,1191.78
TX1828,V6633,U1798,ORD1828,2025-04-24 04:38:00,credit_card,75.73
TX1829,V6636,U1798,ORD1829,2025-04-29 09:21:00,paypal,8.71
TX1830,V6639,U1798,ORD1830,2025-05-18 12:47:00,COD,287.97
TX1831,V6641,U1798,ORD1831,2025-05-22 09:52:00,credit_card,403.19
TX1832,V6644,U1799,ORD1832,2025-04-27 00:54:00,COD,269.91
TX1833,V6645,U1799,ORD1833,2025-05-11 06:53:00,credit_card,973.31
TX1834,V6647,U1799,ORD1834,2025-05-21 19:27:00,COD,1049.31
TX1835,V6649,U1800,ORD1835,2025-03-13 05:25:00,wallet,364.87
TX1836,V6650,U1800,ORD1836,2025-05-09 19:51:00,COD,344.16
TX1837,V6652,U1800,ORD1837,2025-04-13 20:32:00,paypal,51.89
TX1838,V6653,U1800,ORD1838,2025-04-12 01:15:00,credit_card,100.23
TX1839,V6655,U1800,ORD1839,2025-05-24 10:26:00,paypal,143.42
TX1840,V6664,U1802,ORD1840,2025-03-28 12:22:00,paypal,1155.24
TX1841,V6716,U1810,ORD1841,2025-03-13 01:50:00,wallet,650.73
TX1842,V6718,U1810,ORD1842,2025-05-15 16:06:00,COD,153.76
TX1843,V6721,U1811,ORD1843,2025-05-06 04:32:00,COD,184.02
TX1844,V6726,U1811,ORD1844,2025-05-07 18:03:00,paypal,1297.68
TX1845,V6760,U1816,ORD1845,2025-05-11 00:54:00,paypal,188.11
TX1846,V6761,U1816,ORD1846,2025-05-19 13:45:00,paypal,1013.05
TX1847,V6762,U1816,ORD1847,2025-03-11 03:18:00,COD,455.25
TX1848,V6764,U1816,ORD1848,2025-05-29 23:38:00,credit_card,195.87
TX1849,V6806,U1822,ORD1849,2025-05-29 06:21:00,paypal,225.39
TX1850,V6807,U1822,ORD1850,2025-03-12 02:39:00,paypal,119.43
TX1851,V6808,U1822,ORD1851,2025-04-28 06:35:00,wallet,25.61
TX1852,V6809,U1822,ORD1852,2025-04-09 22:23:00,paypal,287.2
TX1853,V6810,U1822,ORD1853,2025-05-20 18:28:00,credit_card,391.85
TX1854,V6811,U1822,ORD1854,2025-05-24 07:19:00,wallet,340.75
TX1855,V6813,U1823,ORD1855,2025-04-12 16:40:00,paypal,72.35
TX1856,V6814,U1823,ORD1856,2025-05-13 17:26:00,COD,1397.49
TX1857,V6815,U1824,ORD1857,2025-03-31 06:04:00,credit_card,65.93
TX1858,V6817,U1824,ORD1858,2025-03-11 04:16:00,wallet,202.69
TX1859,V6818,U1824,ORD1859,2025-05-03 21:42:00,credit_card,61.15
TX1860,V6830,U1826,ORD1860,2025-04-06 18:32:00,paypal,673.13
TX1861,V6832,U1826,ORD1861,2025-03-13 06:22:00,paypal,1163.26
TX1862,V6835,U1826,ORD1862,2025-05-15 06:02:00,credit_card,156.68
TX1863,V6837,U1826,ORD1863,2025-04-17 22:02:00,paypal,330.34
TX1864,V6839,U1826,ORD1864,2025-04-01 23:46:00,wallet,890.12
TX1865,V6842,U1827,ORD1865,2025-03-12 00:16:00,wallet,122.92
TX1866,V6843,U1827,ORD1866,2025-03-17 12:23:00,credit_card,93.23
TX1867,V6844,U1827,ORD1867,2025-05-24 17:11:00,wallet,1119.81
TX1868,V6845,U1827,ORD1868,2025-04-18 19:20:00,credit_card,330.65
TX1869,V6847,U1827,ORD1869,2025-03-15 23:19:00,wallet,386.89
TX1870,V6852,U1829,ORD1870,2025-03-23 17:36:00,credit_card,407.74
TX1871,V6853,U1829,ORD1871,2025-05-15 03:11:00,COD,6.09
TX1872,V6854,U1829,ORD1872,2025-03-26 12:15:00,credit_card,151.92
TX1873,V6855,U1829,ORD1873,2025-04-01 01:44:00,paypal,322.69
TX1874,V6856,U1829,ORD1874,2025-04-04 02:17:00,credit_card,274.58
TX1875,V6859,U1829,ORD1875,2025-04-25 06:16:00,wallet,53.52
TX1876,V6860,U1829,ORD1876,2025-04-11 04:17:00,paypal,840.49
TX1877,V6901,U1836,ORD1877,2025-04-30 00:43:00,wallet,1051.93
TX1878,V6903,U1836,ORD1878,2025-04-22 08:14:00,COD,121.62
TX1879,V6907,U1836,ORD1879,2025-05-30 05:15:00,paypal,1235.21
TX1880,V6908,U1836,ORD1880,2025-05-11 12:01:00,paypal,53.48
TX1881,V6910,U1837,ORD1881,2025-03-18 10:42:00,wallet,722.43
TX1882,V6911,U1837,ORD1882,2025-05-09 15:15:00,COD,187.44
TX1883,V6913,U1837,ORD1883,2025-04-01 05:16:00,wallet,349.54
TX1884,V6914,U1837,ORD1884,2025-03-18 10:37:00,paypal,227.49
TX1885,V6953,U1845,ORD1885,2025-05-26 01:21:00,COD,443.29
TX1886,V6954,U1845,ORD1886,2025-05-05 19:42:00,wallet,17.19
TX1887,V6955,U1845,ORD1887,2025-04-16 14:07:00,COD,28.6
TX1888,V6956,U1845,ORD1888,2025-03-18 20:41:00,COD,384.07
TX1889,V6957,U1845,ORD1889,2025-05-17 20:22:00,wallet,7.51
TX1890,V6958,U1845,ORD1890,2025-03-23 11:20:00,COD,195.06
TX1891,V6975,U1849,ORD1891,2025-04-16 12:36:00,wallet,676.55
TX1892,V6977,U1849,ORD1892,2025-04-21 12:18:00,wallet,1816.26
TX1893,V6978,U1849,ORD1893,2025-04-23 08:35:00,paypal,1044.38
TX1894,V6980,U1849,ORD1894,2025-05-22 13:26:00,COD,47.13
TX1895,V6981,U1849,ORD1895,2025-03-17 19:04:00,wallet,971.9
TX1896,V7054,U1859,ORD1896,2025-03-03 13:01:00,COD,507.72
TX1897,V7094,U1865,ORD1897,2025-05-14 03:13:00,wallet,1199.98
TX1898,V7096,U1866,ORD1898,2025-03-07 08:16:00,credit_card,174.76
TX1899,V7098,U1866,ORD1899,2025-03-19 12:46:00,COD,119.68
TX1900,V7101,U1866,ORD1900,2025-03-24 15:31:00,paypal,856.33
TX1901,V7103,U1866,ORD1901,2025-05-26 12:51:00,paypal,298.87
TX1902,V7104,U1866,ORD1902,2025-03-19 02:42:00,paypal,153.42
TX1903,V7106,U1867,ORD1903,2025-04-13 01:20:00,credit_card,87.14
TX1904,V7107,U1867,ORD1904,2025-03-11 11:20:00,COD,155.53
TX1905,V7108,U1867,ORD1905,2025-04-05 07:34:00,wallet,1655.1
TX1906,V7109,U1867,ORD1906,2025-04-05 17:16:00,COD,19.66
TX1907,V7112,U1868,ORD1907,2025-05-22 12:52:00,paypal,745.12
TX1908,V7113,U1868,ORD1908,2025-05-07 15:55:00,paypal,163.4
TX1909,V7116,U1868,ORD1909,2025-04-08 23:42:00,wallet,105.66
TX1910,V7182,U1879,ORD1910,2025-05-16 17:29:00,paypal,59.39
TX1911,V7183,U1879,ORD1911,2025-03-09 23:38:00,COD,418.87
TX1912,V7185,U1879,ORD1912,2025-03-14 19:37:00,paypal,50.08
TX1913,V7214,U1883,ORD1913,2025-04-09 15:47:00,wallet,142.76
TX1914,V7215,U1883,ORD1914,2025-04-03 07:13:00,wallet,1143.78
TX1915,V7216,U1883,ORD1915,2025-03-29 08:53:00,paypal,542.92
TX1916,V7217,U1883,ORD1916,2025-05-06 15:16:00,paypal,31.46
TX1917,V7219,U1884,ORD1917,2025-04-29 10:58:00,credit_card,179.73
TX1918,V7220,U1884,ORD1918,2025-04-22 11:34:00,wallet,132.69
TX1919,V7222,U1884,ORD1919,2025-05-06 10:55:00,COD,249.17
TX1920,V7223,U1884,ORD1920,2025-04-27 08:28:00,wallet,341.03
TX1921,V7225,U1884,ORD1921,2025-04-30 02:57:00,COD,142.76
TX1922,V7227,U1884,ORD1922,2025-04-06 03:08:00,wallet,736.41
TX1923,V7281,U1892,ORD1923,2025-04-28 09:09:00,credit_card,659.16
TX1924,V7282,U1893,ORD1924,2025-03-20 20:28:00,COD,21.23
TX1925,V7283,U1893,ORD1925,2025-05-19 21:02:00,wallet,197.58
TX1926,V7287,U1893,ORD1926,2025-03-28 12:26:00,wallet,365.04
TX1927,V7288,U1893,ORD1927,2025-03-12 22:14:00,wallet,535.81
TX1928,V7289,U1894,ORD1928,2025-04-18 22:54:00,wallet,520.85
TX1929,V7291,U1894,ORD1929,2025-05-28 07:54:00,wallet,55.16
TX1930,V7292,U1894,ORD1930,2025-05-08 15:23:00,credit_card,1017.06
TX1931,V7300,U1896,ORD1931,2025-03-03 21:49:00,credit_card,483.75
TX1932,V7301,U1896,ORD1932,2025-04-02 20:26:00,paypal,155.22
TX1933,V7307,U1896,ORD1933,2025-03-25 18:20:00,paypal,295.78
TX1934,V7308,U1896,ORD1934,2025-03-09 20:50:00,wallet,441.63
TX1935,V7330,U1899,ORD1935,2025-05-03 07:42:00,paypal,1369.38
TX1936,V7331,U1899,ORD1936,2025-03-30 09:40:00,paypal,345.75
TX1937,V7332,U1899,ORD1937,2025-04-09 22:47:00,wallet,221.03
TX1938,V7333,U1899,ORD1938,2025-03-20 05:35:00,credit_card,89.32
TX1939,V7334,U1900,ORD1939,2025-05-14 05:05:00,COD,167.35
TX1940,V7335,U1900,ORD1940,2025-05-11 01:26:00,wallet,874.22
TX1941,V7338,U1901,ORD1941,2025-05-29 19:55:00,credit_card,313.8
TX1942,V7343,U1902,ORD1942,2025-04-22 22:19:00,wallet,77.65
TX1943,V7349,U1902,ORD1943,2025-05-31 20:49:00,credit_card,135.93
TX1944,V7362,U1904,ORD1944,2025-03-28 23:15:00,credit_card,243.39
TX1945,V7363,U1904,ORD1945,2025-04-15 07:33:00,credit_card,481.33
TX1946,V7364,U1904,ORD1946,2025-05-17 16:26:00,paypal,202.49
TX1947,V7365,U1904,ORD1947,2025-04-02 09:21:00,wallet,34.64
TX1948,V7386,U1907,ORD1948,2025-05-05 20:10:00,wallet,450.34
TX1949,V7425,U1914,ORD1949,2025-05-01 19:38:00,credit_card,137.77
TX1950,V7426,U1914,ORD1950,2025-05-04 16:46:00,credit_card,389.02
TX1951,V7427,U1914,ORD1951,2025-05-08 06:27:00,COD,884.49
TX1952,V7429,U1914,ORD1952,2025-04-02 14:28:00,paypal,909.18
TX1953,V7437,U1916,ORD1953,2025-05-31 08:52:00,paypal,1487.9
TX1954,V7440,U1917,ORD1954,2025-04-23 15:12:00,paypal,38.18
TX1955,V7441,U1917,ORD1955,2025-04-03 12:24:00,credit_card,408.04
TX1956,V7442,U1918,ORD1956,2025-04-15 17:14:00,wallet,584.85
TX1957,V7443,U1918,ORD1957,2025-03-19 00:25:00,credit_card,403.28
TX1958,V7445,U1918,ORD1958,2025-04-07 20:16:00,credit_card,303.75
TX1959,V7470,U1922,ORD1959,2025-03-19 10:16:00,paypal,310.77
TX1960,V7472,U1922,ORD1960,2025-05-30 10:59:00,COD,48.52
TX1961,V7473,U1922,ORD1961,2025-04-02 17:00:00,wallet,10.04
TX1962,V7474,U1922,ORD1962,2025-03-30 02:41:00,COD,129.89
TX1963,V7475,U1922,ORD1963,2025-05-27 14:12:00,credit_card,185.52
TX1964,V7477,U1922,ORD1964,2025-04-15 05:37:00,credit_card,176.37
TX1965,V7483,U1924,ORD1965,2025-03-12 09:00:00,COD,113.68
TX1966,V7484,U1924,ORD1966,2025-04-29 17:26:00,credit_card,232.89
TX1967,V7486,U1925,ORD1967,2025-05-30 16:07:00,credit_card,125.87
TX1968,V7487,U1925,ORD1968,2025-03-17 16:07:00,COD,62.16
TX1969,V7488,U1925,ORD1969,2025-04-16 04:01:00,paypal,251.71
TX1970,V7491,U1925,ORD1970,2025-05-07 07:13:00,wallet,45.09
TX1971,V7492,U1925,ORD1971,2025-04-09 11:51:00,wallet,1080.11
TX1972,V7553,U1935,ORD1972,2025-03-14 08:33:00,wallet,160.56
TX1973,V7555,U1936,ORD1973,2025-05-24 13:57:00,credit_card,422.43
TX1974,V7558,U1936,ORD1974,2025-05-23 03:47:00,paypal,120.02
TX1975,V7570,U1938,ORD1975,2025-04-19 12:38:00,paypal,296.23
TX1976,V7571,U1938,ORD1976,2025-04-21 00:27:00,wallet,152.55
TX1977,V7572,U1938,ORD1977,2025-04-07 03:45:00,COD,238.62
TX1978,V7574,U1938,ORD1978,2025-05-04 07:49:00,COD,102.28
TX1979,V7584,U1941,ORD1979,2025-04-30 10:14:00,paypal,162.12
TX1980,V7585,U1941,ORD1980,2025-05-10 23:08:00,paypal,655.2
TX1981,V7589,U1942,ORD1981,2025-04-26 17:49:00,paypal,28.92
TX1982,V7590,U1942,ORD1982,2025-05-02 16:07:00,paypal,299.72
TX1983,V7591,U1942,ORD1983,2025-03-03 05:25:00,credit_card,60.18
TX1984,V7593,U1942,ORD1984,2025-05-21 08:10:00,credit_card,110.91
TX1985,V7597,U1942,ORD1985,2025-04-06 21:09:00,COD,413.0
TX1986,V7623,U1946,ORD1986,2025-03-14 18:51:00,credit_card,265.68
TX1987,V7625,U1946,ORD1987,2025-03-21 08:03:00,credit_card,196.1
TX1988,V7628,U1947,ORD1988,2025-04-18 08:08:00,paypal,561.09
TX1989,V7633,U1948,ORD1989,2025-03-08 22:13:00,wallet,309.24
TX1990,V7635,U1948,ORD1990,2025-04-13 01:41:00,paypal,277.68
TX1991,V7636,U1948,ORD1991,2025-04-16 08:14:00,COD,1118.35
TX1992,V7638,U1948,ORD1992,2025-04-27 13:20:00,wallet,1009.08
TX1993,V7640,U1948,ORD1993,2025-03-30 23:57:00,paypal,64.6
TX1994,V7652,U1950,ORD1994,2025-04-29 04:15:00,COD,424.23
TX1995,V7653,U1950,ORD1995,2025-04-18 20:51:00,wallet,165.8
TX1996,V7656,U1950,ORD1996,2025-04-21 07:10:00,credit_card,1252.71
TX1997,V7657,U1950,ORD1997,2025-05-03 13:36:00,credit_card,139.34
TX1998,V7658,U1950,ORD1998,2025-03-27 02:37:00,credit_card,1409.7
TX1999,V7726,U1959,ORD1999,2025-04-02 13:54:00,credit_card,814.38
TX2000,V7728,U1959,ORD2000,2025-03-21 07:45:00,wallet,145.64
TX2001,V7729,U1959,ORD2001,2025-03-22 00:56:00,wallet,552.12
TX2002,V7733,U1959,ORD2002,2025-03-24 19:33:00,wallet,51.74
TX2003,V7754,U1963,ORD2003,2025-05-11 13:43:00,paypal,780.04
TX2004,V7757,U1963,ORD2004,2025-04-27 21:21:00,wallet,58.61
TX2005,V7814,U1973,ORD2005,2025-04-15 02:34:00,COD,402.56
TX2006,V7816,U1973,ORD2006,2025-03-17 16:39:00,wallet,134.01
TX2007,V7817,U1973,ORD2007,2025-04-03 23:57:00,wallet,69.86
TX2008,V7818,U1973,ORD2008,2025-03-20 10:19:00,paypal,46.14
TX2009,V7822,U1974,ORD2009,2025-05-11 23:03:00,COD,226.26
TX2010,V7823,U1974,ORD2010,2025-04-13 00:33:00,wallet,179.92
TX2011,V7826,U1974,ORD2011,2025-03-01 16:48:00,credit_card,70.15
TX2012,V7827,U1975,ORD2012,2025-05-22 07:53:00,credit_card,444.34
TX2013,V7830,U1975,ORD2013,2025-04-13 04:19:00,COD,490.89
TX2014,V7844,U1977,ORD2014,2025-03-21 11:21:00,COD,408.83
TX2015,V7845,U1977,ORD2015,2025-03-18 19:07:00,credit_card,204.18
TX2016,V7846,U1977,ORD2016,2025-03-04 02:06:00,paypal,282.4
TX2017,V7847,U1978,ORD2017,2025-04-29 05:34:00,credit_card,459.17
TX2018,V7850,U1978,ORD2018,2025-04-22 14:28:00,paypal,64.17
TX2019,V7851,U1978,ORD2019,2025-03-08 12:24:00,wallet,142.19
TX2020,V7853,U1978,ORD2020,2025-05-30 22:28:00,COD,220.35
TX2021,V7855,U1978,ORD2021,2025-03-21 18:59:00,credit_card,676.03
TX2022,V7857,U1978,ORD2022,2025-03-28 14:39:00,wallet,21.51
TX2023,V7858,U1978,ORD2023,2025-05-31 07:44:00,paypal,68.81
TX2024,V7918,U1986,ORD2024,2025-05-05 10:07:00,COD,428.62
TX2025,V7919,U1986,ORD2025,2025-04-06 21:07:00,credit_card,547.05
TX2026,V7922,U1986,ORD2026,2025-03-19 17:46:00,credit_card,106.56
TX2027,V7924,U1986,ORD2027,2025-03-15 22:44:00,credit_card,133.36
TX2028,V7932,U1989,ORD2028,2025-04-09 06:34:00,credit_card,1128.32
TX2029,V7933,U1989,ORD2029,2025-04-06 17:34:00,COD,431.32
TX2030,V7945,U1991,ORD2030,2025-05-11 20:35:00,COD,562.7
TX2031,V7949,U1991,ORD2031,2025-03-23 09:55:00,paypal,24.55
TX2032,V7950,U1991,ORD2032,2025-04-12 07:23:00,wallet,1636.05
TX2033,V7951,U1991,ORD2033,2025-03-12 23:56:00,credit_card,84.58
TX2034,V7952,U1991,ORD2034,2025-04-16 13:12:00,wallet,271.5
TX2035,V7970,U1994,ORD2035,2025-03-22 09:01:00,wallet,432.97
TX2036,V7971,U1994,ORD2036,2025-03-14 09:28:00,credit_card,190.34
TX2037,V7977,U1995,ORD2037,2025-04-30 01:05:00,wallet,22.28
TX2038,V7979,U1995,ORD2038,2025-03-26 04:06:00,COD,1519.71
TX2039,V7980,U1995,ORD2039,2025-05-11 23:05:00,COD,78.78
TX2040,V7997,U1998,ORD2040,2025-03-19 00:29:00,credit_card,384.83
TX2041,V7998,U1998,ORD2041,2025-03-15 20:06:00,credit_card,1835.79
TX2042,V8001,U1998,ORD2042,2025-03-17 20:13:00,paypal,220.23
TX2043,V8003,U1998,ORD2043,2025-04-26 12:03:00,COD,1285.86
TX2044,V8004,U1998,ORD2044,2025-04-17 06:26:00,credit_card,417.55
TX2045,V8005,U1998,ORD2045,2025-04-05 03:20:00,wallet,404.0
